Chapter_Numbers,Chapter_Name
1,The Living World
2,Biological Classification
3,Plant Kingdom
4,Animal Kingdom
5,Morphologr of Flowering Plants
6,Anatomy of Flowering Plants
7,Structural Organisation in Animals
8,Cell : The Unit of Life
9,Biomolecules
10,Cell Cycle and Cell Division
11,Photosynthesis in Higher Plants
12,Respiration in Plants
13,Plant Growth and Development
14,Breathing and Exchange of Gases
15,Body Fluids and Circulation
16,Excretory Products and their Elimination
17,Locomotion and Movement
18,Neural Control and Coordination
19,Chemical Coordination and Integration
